epoch,embedding_loss,embedding_weight_loss_DC_Nsrc_Ref,loss,mask_loss,mask_weight_loss_MSE_Nsrc_Ref,val_embedding_loss,val_embedding_weight_loss_DC_Nsrc_Ref,val_loss,val_mask_loss,val_mask_weight_loss_MSE_Nsrc_Ref
0,0.22800080820918084,0.22800080820918084,0.3290481670200825,0.09792513929307461,0.09792513929307461,0.21019130423665047,0.21019130423665047,0.29383257776498795,0.08037720508873462,0.08037720508873462
1,0.20617145232856274,0.20617145232856274,0.2865262545645237,0.07696590669453145,0.07696590669453145,0.20407573655247688,0.20407573655247688,0.2815165430307388,0.07392708100378513,0.07392708100378513
2,0.19955803573131561,0.19955803573131561,0.2747599682211876,0.07155711311846971,0.07155711311846971,0.19128930568695068,0.19128930568695068,0.26147686392068864,0.06640773303806782,0.06640773303806782
3,0.19490187704563142,0.19490187704563142,0.2671981181949377,0.06837900461629033,0.06837900461629033,0.19370873644948006,0.19370873644948006,0.2636158265173435,0.06584550552070141,0.06584550552070141
4,0.19333227336406708,0.19333227336406708,0.26399502769112587,0.06645185803994537,0.06645185803994537,0.18894527554512025,0.18894527554512025,0.25686526820063593,0.06356511879712343,0.06356511879712343
5,0.1908110149949789,0.1908110149949789,0.25980723954737184,0.0644925219938159,0.0644925219938159,0.1910070799291134,0.1910070799291134,0.25978194996714593,0.06414167415350676,0.06414167415350676
6,0.18890400126576423,0.18890400126576423,0.25745427921414377,0.06377414060756564,0.06377414060756564,0.1853982053697109,0.1853982053697109,0.2507436402142048,0.06042922548949718,0.06042922548949718
7,0.18777389593422414,0.18777389593422414,0.25516754217445853,0.06234206035733223,0.06234206035733223,0.18776173144578934,0.18776173144578934,0.2580437421798706,0.06510549411177635,0.06510549411177635
8,0.18526487186551094,0.18526487186551094,0.251173272356391,0.06060428263619542,0.06060428263619542,0.1858307644724846,0.1858307644724846,0.2528893530368805,0.061641219072043896,0.061641219072043896
9,0.18542115598917008,0.18542115598917008,0.2515211673080921,0.06054977869614959,0.06054977869614959,0.18454794585704803,0.18454794585704803,0.25019141286611557,0.05997928809374571,0.05997928809374571
10,0.18413335219025612,0.18413335219025612,0.2497075939178467,0.05978504052385688,0.05978504052385688,0.1830652952194214,0.1830652952194214,0.2480058453977108,0.05904854275286198,0.05904854275286198
11,0.18331383027136325,0.18331383027136325,0.24879837661981583,0.059469429664313796,0.059469429664313796,0.18257178440690042,0.18257178440690042,0.24742328003048897,0.058740060217678546,0.058740060217678546
12,0.18227693848311902,0.18227693848311902,0.2475472494959831,0.059056632947176696,0.059056632947176696,0.18212609067559243,0.18212609067559243,0.24574885368347169,0.05731717478483915,0.05731717478483915
13,0.1822950903326273,0.1822950903326273,0.24825826339423657,0.059557075183838605,0.059557075183838605,0.1827428460121155,0.1827428460121155,0.24970665648579599,0.060469800047576426,0.060469800047576426
14,0.1821392570436001,0.1821392570436001,0.2470443980395794,0.05830943083390593,0.05830943083390593,0.1794352874159813,0.1794352874159813,0.24318601787090302,0.05706991497427225,0.05706991497427225
15,0.18193337053060532,0.18193337053060532,0.24673420771956445,0.058023026268929245,0.058023026268929245,0.18231792077422143,0.18231792077422143,0.24786542877554893,0.05869333576411009,0.05869333576411009
16,0.18051042772829531,0.18051042772829531,0.24533121041953565,0.05787281839177012,0.05787281839177012,0.17729955017566681,0.17729955017566681,0.23921513482928275,0.054885871894657615,0.054885871894657615
17,0.1803289396315813,0.1803289396315813,0.24456443428993224,0.057119370605796575,0.057119370605796575,0.17851338535547256,0.17851338535547256,0.2428412266075611,0.05715356320142746,0.05715356320142746
18,0.17934763364493847,0.17934763364493847,0.2428355737775564,0.05622876442968845,0.05622876442968845,0.17809228897094725,0.17809228897094725,0.24110031947493554,0.05567928198724985,0.05567928198724985
19,0.17896345518529416,0.17896345518529416,0.24328925393521786,0.05693069715052843,0.05693069715052843,0.17777734994888306,0.17777734994888306,0.24145695492625235,0.056233140639960766,0.056233140639960766
20,0.17909061774611473,0.17909061774611473,0.24200898304581642,0.0553903573192656,0.0553903573192656,0.1752960726618767,0.1752960726618767,0.23774052038788795,0.05485959351062775,0.05485959351062775
21,0.1782000569999218,0.1782000569999218,0.2414165912568569,0.055555885881185534,0.055555885881185534,0.17763451710343361,0.17763451710343361,0.240455923974514,0.05510456766933203,0.05510456766933203
22,0.17837169885635376,0.17837169885635376,0.24184630878269672,0.05569081442430615,0.05569081442430615,0.17681441307067872,0.17681441307067872,0.2388189673423767,0.054169167205691336,0.054169167205691336
23,0.17762984007596969,0.17762984007596969,0.24090736739337446,0.055373633578419686,0.055373633578419686,0.1764430284500122,0.1764430284500122,0.23744824528694153,0.053051993064582345,0.053051993064582345
24,0.17734035722911357,0.17734035722911357,0.24029664382338523,0.054942551013082264,0.054942551013082264,0.17754309102892876,0.17754309102892876,0.23959514647722244,0.05399753637611866,0.05399753637611866
25,0.17636921495199204,0.17636921495199204,0.23926240608096122,0.054785096384584904,0.054785096384584904,0.17399106696248054,0.17399106696248054,0.23539071828126906,0.05324776414781809,0.05324776414781809
26,0.17661764807999134,0.17661764807999134,0.23944000966846943,0.054611254371702674,0.054611254371702674,0.1781920701265335,0.1781920701265335,0.2403683841228485,0.05392669271677732,0.05392669271677732
27,0.1779580207914114,0.1779580207914114,0.24133020013570786,0.05507182249799371,0.05507182249799371,0.16994857490062715,0.16994857490062715,0.22863298878073693,0.05034523345530033,0.05034523345530033
28,0.17576052024960517,0.17576052024960517,0.2390222480893135,0.05486685113981366,0.05486685113981366,0.17347388118505477,0.17347388118505477,0.2341507777571678,0.05224628280848265,0.05224628280848265
29,0.17603957898914813,0.17603957898914813,0.23928344137966634,0.05477177400141955,0.05477177400141955,0.17520272508263587,0.17520272508263587,0.23744414299726485,0.05374700929969549,0.05374700929969549
30,0.17464115872979163,0.17464115872979163,0.23586647041141987,0.05268967775627971,0.05268967775627971,0.17409969195723535,0.17409969195723535,0.23476894125342368,0.052106387168169024,0.052106387168169024
31,0.17491929322481156,0.17491929322481156,0.23644597969949246,0.052927429433912036,0.052927429433912036,0.17062756717205046,0.17062756717205046,0.2299548625946045,0.05070520155131817,0.05070520155131817
32,0.17483138106763363,0.17483138106763363,0.23664237961173057,0.05315192632377148,0.05315192632377148,0.17363426312804223,0.17363426312804223,0.23379755467176438,0.05147478487342596,0.05147478487342596
33,0.17412029162049295,0.17412029162049295,0.23577881492674352,0.0529283856227994,0.0529283856227994,0.169847072660923,0.169847072660923,0.22921136394143105,0.05060838591307402,0.05060838591307402
34,0.17515597559511661,0.17515597559511661,0.23762191958725454,0.053673529773950575,0.053673529773950575,0.173261509090662,0.173261509090662,0.23439320027828217,0.052320008911192414,0.052320008911192414
35,0.17416663147509098,0.17416663147509098,0.2352410488575697,0.052232589162886145,0.052232589162886145,0.1738280914723873,0.1738280914723873,0.23509329184889793,0.05241162925958633,0.05241162925958633
36,0.17350551396608352,0.17350551396608352,0.23444824442267417,0.052067163158208134,0.052067163158208134,0.16905790865421294,0.16905790865421294,0.22815585657954215,0.05021008979529142,0.05021008979529142
37,0.17374726466834545,0.17374726466834545,0.2345730062574148,0.05191043956205249,0.05191043956205249,0.17048245519399643,0.17048245519399643,0.2328193113207817,0.05340588483959437,0.05340588483959437
38,0.17389192968606948,0.17389192968606948,0.23584447249770166,0.052994017768651244,0.052994017768651244,0.17292241379618645,0.17292241379618645,0.23402774408459665,0.05213413070887327,0.05213413070887327
39,0.17262003727257252,0.17262003727257252,0.23367130219936372,0.05205362468957901,0.05205362468957901,0.1703140504658222,0.1703140504658222,0.2299894168972969,0.050665081664919856,0.050665081664919856
40,0.1726351270824671,0.1726351270824671,0.23326989471912385,0.05160961015149951,0.05160961015149951,0.1703719161450863,0.1703719161450863,0.23007284104824066,0.05067272763699293,0.05067272763699293
41,0.1727800764888525,0.1727800764888525,0.23365952275693416,0.05183580176904798,0.05183580176904798,0.17136432826519013,0.17136432826519013,0.23308600187301637,0.0526727344840765,0.0526727344840765
42,0.17039906591176987,0.17039906591176987,0.23028730049729348,0.050816313605755566,0.050816313605755566,0.17104404270648957,0.17104404270648957,0.23248931765556335,0.052369110845029355,0.052369110845029355
43,0.1713752806186676,0.1713752806186676,0.23160954244434834,0.05114219067618251,0.05114219067618251,0.16785942688584327,0.16785942688584327,0.2258889779448509,0.048933181539177896,0.048933181539177896
44,0.17204003185033798,0.17204003185033798,0.23366744130849837,0.052514275889843705,0.052514275889843705,0.16947397962212563,0.16947397962212563,0.22826657220721244,0.049676673300564286,0.049676673300564286
45,0.17188787057995797,0.17188787057995797,0.2325728813558817,0.05155337583273649,0.05155337583273649,0.16663430109620095,0.16663430109620095,0.22442679107189178,0.04865704867988825,0.04865704867988825
46,0.17273496963083745,0.17273496963083745,0.23325920715928078,0.05137079045176506,0.05137079045176506,0.16996625438332558,0.16996625438332558,0.22863759994506835,0.04951730407774448,0.04951730407774448
47,0.17207235045731067,0.17207235045731067,0.23314768746495246,0.05190702201798558,0.05190702201798558,0.17510977685451506,0.17510977685451506,0.23997715637087821,0.05569535531103611,0.05569535531103611
48,0.1710079637169838,0.1710079637169838,0.23213479824364186,0.05194558009505272,0.05194558009505272,0.16788138672709466,0.16788138672709466,0.22636130601167678,0.049301819503307344,0.049301819503307344
49,0.17272390112280844,0.17272390112280844,0.23405950225889682,0.052143516037613157,0.052143516037613157,0.176221115142107,0.176221115142107,0.24074895605444907,0.05533878393471241,0.05533878393471241
50,0.16985462546348573,0.16985462546348573,0.22921510942280293,0.0501616508513689,0.0501616508513689,0.17048917934298516,0.17048917934298516,0.2289039447903633,0.04921529442071915,0.04921529442071915
51,0.17075301714241506,0.17075301714241506,0.23088779479265212,0.050929759200662374,0.050929759200662374,0.165480175614357,0.165480175614357,0.22269002869725227,0.04801100865006447,0.04801100865006447
52,0.17082526750862598,0.17082526750862598,0.22992158971726895,0.0498893011175096,0.0498893011175096,0.1704285517334938,0.1704285517334938,0.22977545484900475,0.05014048963785171,0.05014048963785171
53,0.16966070219874382,0.16966070219874382,0.2290092132985592,0.05013160673901439,0.05013160673901439,0.16841819360852242,0.16841819360852242,0.2260374166071415,0.04840485118329525,0.04840485118329525
54,0.16983616434037685,0.16983616434037685,0.22968438260257243,0.05062311314046383,0.05062311314046383,0.1650424964725971,0.1650424964725971,0.22195549085736274,0.04769158810377121,0.04769158810377121
55,0.17124362617731095,0.17124362617731095,0.23021016210317613,0.04973627809435129,0.04973627809435129,0.17238679081201552,0.17238679081201552,0.23151592388749123,0.04989874176681042,0.04989874176681042
56,0.16857892595231533,0.16857892595231533,0.22710985854268073,0.049301343820989135,0.049301343820989135,0.16792343705892562,0.16792343705892562,0.2249487690627575,0.047801618464291096,0.047801618464291096
57,0.16836866438388826,0.16836866438388826,0.22684154458343983,0.049244328308850525,0.049244328308850525,0.17125524282455445,0.17125524282455445,0.23017274290323259,0.04969563148915768,0.04969563148915768
58,0.16890271574258806,0.16890271574258806,0.2273858418315649,0.04925398224964738,0.04925398224964738,0.16470853239297867,0.16470853239297867,0.22187089323997497,0.04793918021023273,0.04793918021023273
59,0.1696430528908968,0.1696430528908968,0.22789798855781554,0.04903034070506692,0.04903034070506692,0.16548356115818025,0.16548356115818025,0.22600243911147117,0.05129996333271265,0.05129996333271265
60,0.16708023697137833,0.16708023697137833,0.22439468324184417,0.04809056427329779,0.04809056427329779,0.16915907263755797,0.16915907263755797,0.23060879707336426,0.052231733687222004,0.052231733687222004
61,0.1683266720175743,0.1683266720175743,0.2259805354475975,0.04843232648447156,0.04843232648447156,0.1652720659971237,0.1652720659971237,0.22164542675018312,0.047156753949820995,0.047156753949820995
62,0.16711810514330863,0.16711810514330863,0.22459371097385883,0.04825726522132754,0.04825726522132754,0.16788645461201668,0.16788645461201668,0.2254507914185524,0.04835759662091732,0.04835759662091732
63,0.16711963273584843,0.16711963273584843,0.22426847457885743,0.04793721277266741,0.04793721277266741,0.1640395127236843,0.1640395127236843,0.22044503390789033,0.04720129612833261,0.04720129612833261
64,0.16841041520237923,0.16841041520237923,0.22739804774522782,0.04977836161851883,0.04977836161851883,0.16588835269212723,0.16588835269212723,0.22234435975551606,0.047255256399512294,0.047255256399512294
65,0.1680355130136013,0.1680355130136013,0.22540597178041935,0.0481683854572475,0.0481683854572475,0.1634327180683613,0.1634327180683613,0.21854590699076654,0.04592192731797695,0.04592192731797695
66,0.1675861819088459,0.1675861819088459,0.22582078784704207,0.04904294170439243,0.04904294170439243,0.1692182958126068,0.1692182958126068,0.22782589122653008,0.04942258130759001,0.04942258130759001
67,0.167808273807168,0.167808273807168,0.22587037809193133,0.048879972267895935,0.048879972267895935,0.16550091728568078,0.16550091728568078,0.22204047366976737,0.04736310876905918,0.04736310876905918
68,0.16761243633925915,0.16761243633925915,0.22547989524900913,0.04869098858907819,0.04869098858907819,0.1673835225403309,0.1673835225403309,0.2240290254354477,0.04747884497046471,0.04747884497046471
69,0.16758427321910857,0.16758427321910857,0.22462601132690907,0.04787451973184943,0.04787451973184943,0.16786956191062927,0.16786956191062927,0.2240484282374382,0.04701874759048223,0.04701874759048223
70,0.1658016885817051,0.1658016885817051,0.2225002947449684,0.04754234246909619,0.04754234246909619,0.16630660369992256,0.16630660369992256,0.2231961101293564,0.047745021805167195,0.047745021805167195
71,0.1659387881308794,0.1659387881308794,0.22313545703887938,0.04805329097434878,0.04805329097434878,0.16502630785107614,0.16502630785107614,0.22080578729510308,0.0466426532715559,0.0466426532715559
72,0.1666438364237547,0.1666438364237547,0.22351102158427238,0.04773377841338515,0.04773377841338515,0.16500101387500762,0.16500101387500762,0.2229497916996479,0.04882722701877355,0.04882722701877355
73,0.1666330562531948,0.1666330562531948,0.22299201726913453,0.04724127156659961,0.04724127156659961,0.16523708775639534,0.16523708775639534,0.22041172608733178,0.046067257225513455,0.046067257225513455
74,0.16531047254800796,0.16531047254800796,0.22164013504981994,0.0472221565246582,0.0472221565246582,0.1617894023656845,0.1617894023656845,0.21667751148343087,0.045788984000682834,0.045788984000682834
75,0.16539675898849965,0.16539675898849965,0.22154533311724664,0.0470536614023149,0.0470536614023149,0.1699804700911045,0.1699804700911045,0.22911934703588485,0.05005559287965298,0.05005559287965298
76,0.16565354324877263,0.16565354324877263,0.2222485177963972,0.047516127228736875,0.047516127228736875,0.16183700114488603,0.16183700114488603,0.2161626860499382,0.045256317034363745,0.045256317034363745
77,0.16580598063766958,0.16580598063766958,0.22188195273280142,0.04700908165425062,0.04700908165425062,0.16632600352168084,0.16632600352168084,0.2221216306090355,0.046737374179065226,0.046737374179065226
78,0.1653192549943924,0.1653192549943924,0.22162570632994175,0.047251713071018456,0.047251713071018456,0.16510611325502395,0.16510611325502395,0.22085953652858734,0.04671144299209118,0.04671144299209118
79,0.16615883119404315,0.16615883119404315,0.22299307689070702,0.04779619157314301,0.04779619157314301,0.16569029167294502,0.16569029167294502,0.2220403343439102,0.047321592830121516,0.047321592830121516
80,0.1658514750748873,0.1658514750748873,0.22182704024016858,0.04694993818178773,0.04694993818178773,0.1664378471672535,0.1664378471672535,0.22454527392983437,0.04909020736813545,0.04909020736813545
81,0.16563414491713047,0.16563414491713047,0.22102816700935363,0.04638330016285181,0.04638330016285181,0.16299205869436265,0.16299205869436265,0.21738149970769882,0.04539019614458084,0.04539019614458084
82,0.16422600612044336,0.16422600612044336,0.21994435645639895,0.04672255389392376,0.04672255389392376,0.1659383714199066,0.1659383714199066,0.22121066451072693,0.04628590904176235,0.04628590904176235
83,0.16570545211434365,0.16570545211434365,0.2235820013284683,0.048892353177070615,0.048892353177070615,0.16621525064110756,0.16621525064110756,0.22428298965096474,0.04909236803650856,0.04909236803650856
84,0.16444661535322666,0.16444661535322666,0.22014596328139305,0.0467299073189497,0.0467299073189497,0.16569405123591424,0.16569405123591424,0.221366136521101,0.04671228490769863,0.04671228490769863
85,0.1648183897137642,0.1648183897137642,0.21989623196423053,0.04612453931942582,0.04612453931942582,0.1636664755642414,0.1636664755642414,0.21774357482790946,0.045134691148996355,0.045134691148996355
86,0.16495989002287387,0.16495989002287387,0.22072693549096584,0.04683114754036069,0.04683114754036069,0.16108363568782808,0.16108363568782808,0.2148016095161438,0.044787679053843024,0.044787679053843024
87,0.16614203326404095,0.16614203326404095,0.22193750038743018,0.046873221304267645,0.046873221304267645,0.16185810267925263,0.16185810267925263,0.21528736799955367,0.04452087394893169,0.04452087394893169
88,0.16424709625542164,0.16424709625542164,0.21934859812259674,0.04619895312935114,0.04619895312935114,0.1688990980386734,0.1688990980386734,0.2274652600288391,0.04967398401349783,0.04967398401349783
89,0.1639232537150383,0.1639232537150383,0.21832952909171582,0.045517673008143904,0.045517673008143904,0.1604377418756485,0.1604377418756485,0.2140909492969513,0.0447738504037261,0.0447738504037261
90,0.1639627757668495,0.1639627757668495,0.2188698272407055,0.04603627391159534,0.04603627391159534,0.1593635968863964,0.1593635968863964,0.21205672323703767,0.04383517559617758,0.04383517559617758
91,0.16423433393239975,0.16423433393239975,0.21863884285092353,0.045553925689309833,0.045553925689309833,0.1623087853193283,0.1623087853193283,0.21522900089621544,0.044080445915460585,0.044080445915460585
92,0.1640624391287565,0.1640624391287565,0.21951496973633766,0.046617482118308545,0.046617482118308545,0.16572903767228125,0.16572903767228125,0.2239892974495888,0.04943536091595888,0.04943536091595888
93,0.1639986615628004,0.1639986615628004,0.2187769425660372,0.04595660425722599,0.04595660425722599,0.15961455330252647,0.15961455330252647,0.2129622958600521,0.04453579094260931,0.04453579094260931
94,0.163870637267828,0.163870637267828,0.21951092593371868,0.04683425700291991,0.04683425700291991,0.1617815338075161,0.1617815338075161,0.21504846215248108,0.044470458291471004,0.044470458291471004
95,0.1618700022250414,0.1618700022250414,0.21576174549758434,0.04510479221120477,0.04510479221120477,0.16163496375083924,0.16163496375083924,0.21423668041825294,0.043827526085078714,0.043827526085078714
96,0.162610035687685,0.162610035687685,0.21611354365944863,0.04473798234015703,0.04473798234015703,0.16215744763612747,0.16215744763612747,0.2187330149114132,0.047821429558098316,0.047821429558098316
97,0.16365559473633767,0.16365559473633767,0.21817268915474414,0.045772667620331046,0.045772667620331046,0.1620998650789261,0.1620998650789261,0.2183822624385357,0.0475490665063262,0.0475490665063262
98,0.16411722868680953,0.16411722868680953,0.21897399015724658,0.04613088624551892,0.04613088624551892,0.1598941333591938,0.1598941333591938,0.2126722030341625,0.04406419675797224,0.04406419675797224
99,0.16420804165303707,0.16420804165303707,0.21853503718972206,0.04561873817816377,0.04561873817816377,0.16228733211755753,0.16228733211755753,0.21584284529089928,0.04485761523246765,0.04485761523246765
100,0.16293657079339027,0.16293657079339027,0.21666272163391112,0.045035982057452205,0.045035982057452205,0.16479001566767693,0.16479001566767693,0.21856139376759529,0.04509331211447716,0.04509331211447716
101,0.1627333328127861,0.1627333328127861,0.21659165173768996,0.04518826022744179,0.04518826022744179,0.1606061115860939,0.1606061115860939,0.21318989768624305,0.04392548333853483,0.04392548333853483
102,0.16260163754224777,0.16260163754224777,0.2162692578881979,0.045015304014086724,0.045015304014086724,0.16101004034280778,0.16101004034280778,0.2141147516667843,0.04446372184902429,0.04446372184902429
103,0.16287544682621957,0.16287544682621957,0.2164887295663357,0.04498063489794731,0.04498063489794731,0.16148129403591155,0.16148129403591155,0.21443321481347083,0.044330287538468835,0.044330287538468835
104,0.16236294716596603,0.16236294716596603,0.2154577650129795,0.04448001027107239,0.04448001027107239,0.1612690843641758,0.1612690843641758,0.21360937878489494,0.04373776596039534,0.04373776596039534
105,0.16265096433460713,0.16265096433460713,0.21639899402856827,0.04515167593955994,0.04515167593955994,0.159575205296278,0.159575205296278,0.21154934763908387,0.04338865838944912,0.04338865838944912
106,0.16127483427524567,0.16127483427524567,0.21486289121210575,0.04501074990257621,0.04501074990257621,0.1595821537077427,0.1595821537077427,0.2156102642416954,0.04746310524642468,0.04746310524642468
107,0.1620489402115345,0.1620489402115345,0.21561686851084233,0.04500910071656108,0.04500910071656108,0.1577000416815281,0.1577000416815281,0.209055994451046,0.04280732050538063,0.04280732050538063
108,0.16169982329010962,0.16169982329010962,0.2153888885676861,0.04514760348945856,0.04514760348945856,0.1614626429975033,0.1614626429975033,0.21444996148347856,0.044457761012017726,0.044457761012017726
109,0.16223518908023835,0.16223518908023835,0.21603449784219264,0.04527737211436033,0.04527737211436033,0.15996672436594964,0.15996672436594964,0.21219807714223862,0.04372058399021626,0.04372058399021626
110,0.16148821726441384,0.16148821726441384,0.21491099536418914,0.0449205775372684,0.0449205775372684,0.15638147667050362,0.15638147667050362,0.20656660422682763,0.04169450607150793,0.04169450607150793
111,0.16355770833790303,0.16355770833790303,0.2176530896127224,0.04561035562306642,0.04561035562306642,0.16200725361704826,0.16200725361704826,0.2141655445098877,0.04368325360119343,0.04368325360119343
112,0.16097195498645306,0.16097195498645306,0.2135705553740263,0.04413303157314658,0.04413303157314658,0.1629027917981148,0.1629027917981148,0.21613186448812485,0.04477555360645056,0.04477555360645056
113,0.16166227221488952,0.16166227221488952,0.21449119336903094,0.044383432921022176,0.044383432921022176,0.1613648422062397,0.1613648422062397,0.21354081928730012,0.04374215845018625,0.04374215845018625
114,0.16117262542247773,0.16117262542247773,0.21447487585246564,0.044875568840652705,0.044875568840652705,0.1595018357038498,0.1595018357038498,0.21493920758366586,0.047022835537791255,0.047022835537791255
115,0.1607865609973669,0.1607865609973669,0.21349379241466523,0.04430086348205805,0.04430086348205805,0.16033926904201506,0.16033926904201506,0.2116762764751911,0.04294322971254587,0.04294322971254587
116,0.16335288219153882,0.16335288219153882,0.21793480165302753,0.046194216031581165,0.046194216031581165,0.15853361487388612,0.15853361487388612,0.209699035435915,0.04278718400746584,0.04278718400746584
117,0.16119768612086774,0.16119768612086774,0.21455139875411988,0.04498343791812658,0.04498343791812658,0.16004784032702446,0.16004784032702446,0.21190831288695336,0.04350147470831871,0.04350147470831871
118,0.16116718836128713,0.16116718836128713,0.21478907220065593,0.045272044744342564,0.045272044744342564,0.16035542413592338,0.16035542413592338,0.2140621729195118,0.04536801278591156,0.04536801278591156
119,0.16096897169947624,0.16096897169947624,0.2132758492976427,0.043976044226437805,0.043976044226437805,0.16448991522192954,0.16448991522192954,0.2209005907177925,0.048090762086212636,0.048090762086212636
120,0.16044228546321393,0.16044228546321393,0.2124853514134884,0.043731118217110634,0.043731118217110634,0.1625520870089531,0.1625520870089531,0.21473765671253203,0.043884207122027875,0.043884207122027875
121,0.16041832827031613,0.16041832827031613,0.21278145395219325,0.04407009305432439,0.04407009305432439,0.15701089948415756,0.15701089948415756,0.20767285600304602,0.042379727587103844,0.042379727587103844
122,0.16097930893301965,0.16097930893301965,0.2141175989061594,0.04486255282536149,0.04486255282536149,0.16141047552227974,0.16141047552227974,0.21357430145144463,0.04389859847724438,0.04389859847724438
123,0.15987253196537496,0.15987253196537496,0.21167199678719043,0.043542139809578655,0.043542139809578655,0.1589919552206993,0.1589919552206993,0.21008747965097427,0.04284938294440508,0.04284938294440508
124,0.16075618408620357,0.16075618408620357,0.212992772385478,0.04399831736460328,0.04399831736460328,0.16071939170360566,0.16071939170360566,0.21275535896420478,0.04380870908498764,0.04380870908498764
125,0.1632588479667902,0.1632588479667902,0.21749620676040649,0.04601458258926869,0.04601458258926869,0.16199557036161422,0.16199557036161422,0.21440658569335938,0.04419627506285906,0.04419627506285906
126,0.15969691902399064,0.15969691902399064,0.21134423837065697,0.04343993484973908,0.04343993484973908,0.1592465028166771,0.1592465028166771,0.21114929541945457,0.04370666164904833,0.04370666164904833
127,0.16027304463088513,0.16027304463088513,0.21168987594544889,0.04322824519127608,0.04322824519127608,0.15899526625871657,0.15899526625871657,0.2098353959619999,0.04266271311789751,0.04266271311789751
128,0.16089872278273107,0.16089872278273107,0.21373868972063065,0.04467107942327857,0.04467107942327857,0.15685108453035354,0.15685108453035354,0.20712207704782487,0.04211363513022661,0.04211363513022661
129,0.16035303376615048,0.16035303376615048,0.2123104555159807,0.04380902735516429,0.04380902735516429,0.15680233091115953,0.15680233091115953,0.20740701779723167,0.042467864230275154,0.042467864230275154
130,0.16018845282495023,0.16018845282495023,0.21270642280578614,0.04438976975157857,0.04438976975157857,0.1579858124256134,0.1579858124256134,0.2095172606408596,0.043414294347167016,0.043414294347167016
131,0.16141567900776863,0.16141567900776863,0.2130913792550564,0.043567438274621964,0.043567438274621964,0.16032691299915314,0.16032691299915314,0.21187134608626365,0.043446948379278184,0.043446948379278184
132,0.16054925255477429,0.16054925255477429,0.21229505412280558,0.0436571735329926,0.0436571735329926,0.1586760886013508,0.1586760886013508,0.21328260526061057,0.04652867130935192,0.04652867130935192
133,0.159471253529191,0.159471253529191,0.21116720020771027,0.04362551122903824,0.04362551122903824,0.1575758695602417,0.1575758695602417,0.21270130425691605,0.04706657007336616,0.04706657007336616
134,0.15993420660495758,0.15993420660495758,0.21140701577067375,0.04342132247984409,0.04342132247984409,0.16072913035750389,0.16072913035750389,0.21186973229050637,0.0430996211245656,0.0430996211245656
135,0.1606467916816473,0.1606467916816473,0.2130684733390808,0.044387207683175806,0.044387207683175806,0.15917246863245965,0.15917246863245965,0.21018786281347274,0.04299012143164873,0.04299012143164873
136,0.15929127059876919,0.15929127059876919,0.21088483415544032,0.04357608346268535,0.04357608346268535,0.15687244832515718,0.15687244832515718,0.20993054434657096,0.045050560124218465,0.045050560124218465
137,0.15998208232223987,0.15998208232223987,0.21141480781137945,0.04343345392495394,0.04343345392495394,0.15528357923030853,0.15528357923030853,0.2047215610742569,0.041448590159416196,0.041448590159416196
138,0.1606263740360737,0.1606263740360737,0.21338367387652396,0.04477680280804634,0.04477680280804634,0.15534487888216972,0.15534487888216972,0.20400007516145707,0.04068483393639326,0.04068483393639326
139,0.15989567160606385,0.15989567160606385,0.21127345338463782,0.043414732348173855,0.043414732348173855,0.15628030076622962,0.15628030076622962,0.20680422559380532,0.04257126357406378,0.04257126357406378
140,0.1596632004529238,0.1596632004529238,0.2108310403674841,0.043222699016332626,0.043222699016332626,0.15821509659290314,0.15821509659290314,0.20962314158678055,0.04347293544560671,0.04347293544560671
141,0.15907615855336188,0.15907615855336188,0.21075343295931817,0.04374865336343646,0.04374865336343646,0.15790022611618043,0.15790022611618043,0.208099602162838,0.042280361615121366,0.042280361615121366
142,0.1592758299410343,0.1592758299410343,0.21147565200924873,0.04428762646391988,0.04428762646391988,0.15679781287908554,0.15679781287908554,0.2064418040215969,0.041742173954844475,0.041742173954844475
143,0.16007320322096347,0.16007320322096347,0.21253482587635517,0.04456767559051514,0.04456767559051514,0.15431649014353752,0.15431649014353752,0.20348808988928796,0.04128776900470257,0.04128776900470257
144,0.15940030097961425,0.15940030097961425,0.21032052658498288,0.04304321842268109,0.04304321842268109,0.15636762604117393,0.15636762604117393,0.20580005943775176,0.04156500939279795,0.04156500939279795
145,0.15939384564757347,0.15939384564757347,0.21103579699993133,0.04378207217901945,0.04378207217901945,0.15818339213728905,0.15818339213728905,0.20788343176245688,0.041850031912326814,0.041850031912326814
146,0.15927235677838325,0.15927235677838325,0.21041894741356373,0.043303158301860094,0.043303158301860094,0.16255363449454308,0.16255363449454308,0.21684573888778685,0.04645802732557058,0.04645802732557058
147,0.15856721386313438,0.15856721386313438,0.20934666469693183,0.04295233381912112,0.04295233381912112,0.1586672656238079,0.1586672656238079,0.21210194006562233,0.045616823621094225,0.045616823621094225
148,0.15894504576921464,0.15894504576921464,0.20944459214806557,0.04268986150622368,0.04268986150622368,0.1576838508248329,0.1576838508248329,0.21032118424773216,0.04483828935772181,0.04483828935772181
149,0.1604857560247183,0.1604857560247183,0.21289194330573083,0.04461414478719235,0.04461414478719235,0.1563716396689415,0.1563716396689415,0.20571207478642464,0.041557216085493565,0.041557216085493565
150,0.15911064684391021,0.15911064684391021,0.21045479238033293,0.04356796992942691,0.04356796992942691,0.15595114529132842,0.15595114529132842,0.20463532879948615,0.04091802574694157,0.04091802574694157
151,0.15794464468955993,0.15794464468955993,0.20847758144140244,0.04277415407821536,0.04277415407821536,0.1562546543776989,0.1562546543776989,0.21087417900562286,0.046870171278715136,0.046870171278715136
152,0.15762288272380828,0.15762288272380828,0.2078568773716688,0.042491786237806084,0.042491786237806084,0.15723566710948944,0.15723566710948944,0.2060582920908928,0.041089519113302234,0.041089519113302234
153,0.1585889105498791,0.1585889105498791,0.2088106919080019,0.04249565536156297,0.04249565536156297,0.1552033469080925,0.1552033469080925,0.20694274157285691,0.04402321502566338,0.04402321502566338
154,0.15942049331963062,0.15942049331963062,0.21067167557775973,0.043541938345879314,0.043541938345879314,0.15438421294093133,0.15438421294093133,0.2033284366130829,0.04124351218342781,0.04124351218342781
155,0.15857482485473157,0.15857482485473157,0.20929809115827083,0.04302907060831785,0.04302907060831785,0.15989547818899155,0.15989547818899155,0.21048044487833978,0.04289919976145029,0.04289919976145029
156,0.15863245405256748,0.15863245405256748,0.20925339840352536,0.04294301649555564,0.04294301649555564,0.1569409526884556,0.1569409526884556,0.20673385113477707,0.04212486688047647,0.04212486688047647
157,0.15873482778668405,0.15873482778668405,0.20895130529999734,0.04255694093182683,0.04255694093182683,0.15855521336197853,0.15855521336197853,0.21174287423491478,0.04553754180669785,0.04553754180669785
158,0.15882686398923396,0.15882686398923396,0.20975431337952613,0.04328507199883461,0.04328507199883461,0.15667806193232536,0.15667806193232536,0.21089271157979966,0.04658140745013952,0.04658140745013952
159,0.1587106431275606,0.1587106431275606,0.20901826374232768,0.042680802643299105,0.042680802643299105,0.1566652052104473,0.1566652052104473,0.20573766380548478,0.041454435326159,0.041454435326159
160,0.1589424291998148,0.1589424291998148,0.21010718926787375,0.04355421604588628,0.04355421604588628,0.15828870981931686,0.15828870981931686,0.20926676765084268,0.04337648544460535,0.04337648544460535
161,0.1572603126615286,0.1572603126615286,0.20718691445887089,0.042331747487187384,0.042331747487187384,0.15816954597830774,0.15816954597830774,0.2102201722562313,0.04446465503424406,0.04446465503424406
162,0.1582234937697649,0.1582234937697649,0.20879908360540866,0.04299715818837285,0.04299715818837285,0.15379362404346467,0.15379362404346467,0.20209840536117554,0.0407349705696106,0.0407349705696106
163,0.15700017221271992,0.15700017221271992,0.20700081467628478,0.04243762968108058,0.04243762968108058,0.15645599812269212,0.15645599812269212,0.20514670982956887,0.041136715561151505,0.041136715561151505
164,0.15772015795111657,0.15772015795111657,0.20744127638638019,0.04217454172670841,0.04217454172670841,0.1563534438610077,0.1563534438610077,0.20496997758746147,0.04107886850833893,0.04107886850833893
165,0.15796612180769443,0.15796612180769443,0.2070888339728117,0.04159219870343804,0.04159219870343804,0.15772277265787124,0.15772277265787124,0.20730184614658356,0.042056849040091035,0.042056849040091035
166,0.15716585531830787,0.15716585531830787,0.207079471424222,0.04239838752895594,0.04239838752895594,0.16050227135419845,0.16050227135419845,0.21093641817569733,0.04292728528380394,0.04292728528380394
167,0.15714132770895958,0.15714132770895958,0.20711716555058957,0.0424763841368258,0.0424763841368258,0.1527747169137001,0.1527747169137001,0.20047421157360076,0.040208159014582634,0.040208159014582634
168,0.15714998804032804,0.15714998804032804,0.20729710340499877,0.042662099562585355,0.042662099562585355,0.15518018901348113,0.15518018901348113,0.20362097769975662,0.04096342995762825,0.04096342995762825
169,0.1573484221100807,0.1573484221100807,0.20669540986418725,0.04187699519097805,0.04187699519097805,0.15788812413811684,0.15788812413811684,0.21129397228360175,0.04594458565115929,0.04594458565115929
170,0.15697465546429157,0.15697465546429157,0.20672297142446042,0.04229361485689878,0.04229361485689878,0.1545579604804516,0.1545579604804516,0.20530705004930497,0.04330250136554241,0.04330250136554241
171,0.15822972133755683,0.15822972133755683,0.20811378180980683,0.042444067373871804,0.042444067373871804,0.15504469946026803,0.15504469946026803,0.20551212057471274,0.04303597155958414,0.04303597155958414
172,0.1574979706853628,0.1574979706853628,0.20680174931883813,0.04187905052676797,0.04187905052676797,0.1510508067905903,0.1510508067905903,0.19844134598970414,0.039973844215273856,0.039973844215273856
173,0.1567590568214655,0.1567590568214655,0.2058802919089794,0.04171169858425856,0.04171169858425856,0.1567693091928959,0.1567693091928959,0.20588253661990166,0.0417123718187213,0.0417123718187213
174,0.15796351380646229,0.15796351380646229,0.20894659079611302,0.04358983054757118,0.04358983054757118,0.15636759772896766,0.15636759772896766,0.20458760112524033,0.04083561338484287,0.04083561338484287
175,0.15770051695406437,0.15770051695406437,0.2076190261542797,0.04254030484706164,0.04254030484706164,0.15615294873714447,0.15615294873714447,0.20480479076504707,0.04128162395209074,0.04128162395209074
176,0.1565321059525013,0.1565321059525013,0.20658793389797211,0.04269214009866119,0.04269214009866119,0.15381332263350486,0.15381332263350486,0.2016483724117279,0.04047915004193783,0.04047915004193783
177,0.15727826774120332,0.15727826774120332,0.20636238262057305,0.0417352531850338,0.0417352531850338,0.15498891696333886,0.15498891696333886,0.20706993266940116,0.044740282371640204,0.044740282371640204
178,0.15812782004475592,0.15812782004475592,0.20808328337967397,0.04262135945260525,0.04262135945260525,0.1555596746504307,0.1555596746504307,0.20455265864729882,0.041666902229189874,0.041666902229189874
179,0.15741689443588258,0.15741689443588258,0.20640441857278347,0.04166814807802439,0.04166814807802439,0.15613359585404396,0.15613359585404396,0.20435690209269525,0.04091182854026556,0.04091182854026556
180,0.15748151935636998,0.15748151935636998,0.20680578418076037,0.0420189144089818,0.0420189144089818,0.1546339675784111,0.1546339675784111,0.20291750878095627,0.040986233949661256,0.040986233949661256
181,0.15695149056613444,0.15695149056613444,0.20583606496453286,0.04159405490383506,0.04159405490383506,0.157338634878397,0.157338634878397,0.2073141671717167,0.04269255921244621,0.04269255921244621
182,0.1571684028208256,0.1571684028208256,0.20694486781954766,0.04249933779239654,0.04249933779239654,0.1533288560807705,0.1533288560807705,0.20041809901595115,0.039819296449422836,0.039819296449422836
183,0.1567391223460436,0.1567391223460436,0.20537968069314957,0.041377057880163194,0.041377057880163194,0.15656303763389587,0.15656303763389587,0.20861531421542168,0.044796275720000264,0.044796275720000264
184,0.15754290625452996,0.15754290625452996,0.2064711892604828,0.04167884102091193,0.04167884102091193,0.15734284445643426,0.15734284445643426,0.20630986765027046,0.04172507375478744,0.04172507375478744
185,0.15750186137855052,0.15750186137855052,0.20637478984892368,0.041636938508599994,0.041636938508599994,0.1543417289853096,0.1543417289853096,0.20202352553606034,0.040452991239726545,0.040452991239726545
186,0.15779246836900712,0.15779246836900712,0.20702253341674803,0.042007297985255716,0.042007297985255716,0.1603567972779274,0.1603567972779274,0.21293652728199958,0.04536405168473721,0.04536405168473721
187,0.15720044799149036,0.15720044799149036,0.207506415694952,0.043096387069672344,0.043096387069672344,0.1551433578133583,0.1551433578133583,0.2035140223801136,0.04116833582520485,0.04116833582520485
188,0.15638830490410327,0.15638830490410327,0.20568441025912762,0.04209974629804492,0.04209974629804492,0.15800995305180549,0.15800995305180549,0.20718174278736115,0.04198245797306299,0.04198245797306299
189,0.15704648591578008,0.15704648591578008,0.2064383375644684,0.04220859119668603,0.04220859119668603,0.1546129085123539,0.1546129085123539,0.20288560837507247,0.04109682384878397,0.04109682384878397
190,0.15621528320014477,0.15621528320014477,0.2047235254943371,0.04133882695809007,0.04133882695809007,0.15138205140829086,0.15138205140829086,0.19831153005361557,0.039767177402973176,0.039767177402973176
191,0.15641321569681169,0.15641321569681169,0.20523876786231995,0.041669327784329656,0.041669327784329656,0.15627263188362123,0.15627263188362123,0.2044086493551731,0.040987304970622064,0.040987304970622064
192,0.15541811153292656,0.15541811153292656,0.20475041687488557,0.042190018240362406,0.042190018240362406,0.15656607672572137,0.15656607672572137,0.20574878603219987,0.042047200910747054,0.042047200910747054
193,0.15735772751271726,0.15735772751271726,0.20579872630536555,0.041311308220028875,0.041311308220028875,0.15401323661208152,0.15401323661208152,0.20166662111878395,0.040530360862612726,0.040530360862612726
194,0.15701012156903743,0.15701012156903743,0.20570919409394264,0.04158220123499632,0.04158220123499632,0.1581411398947239,0.1581411398947239,0.20682770982384682,0.0415764955803752,0.0415764955803752
195,0.1563887096196413,0.1563887096196413,0.20591314308345318,0.042419716659933326,0.042419716659933326,0.15783051699399947,0.15783051699399947,0.20618823021650315,0.04125978276133537,0.04125978276133537
196,0.1566385270655155,0.1566385270655155,0.206839682161808,0.04310927046462894,0.04310927046462894,0.15188175588846206,0.15188175588846206,0.20389353781938552,0.04492684192955494,0.04492684192955494
197,0.1561337949335575,0.1561337949335575,0.20506856769323348,0.04185570491477847,0.04185570491477847,0.15630625560879707,0.15630625560879707,0.20450894311070442,0.041130192764103415,0.041130192764103415
198,0.15639067001640797,0.15639067001640797,0.2051463160663843,0.04168890092521906,0.04168890092521906,0.15760964080691336,0.15760964080691336,0.20548878908157348,0.040818680077791214,0.040818680077791214
199,0.15756892524659633,0.15756892524659633,0.2075306774675846,0.04290657766163349,0.04290657766163349,0.1553510032594204,0.1553510032594204,0.20322764590382575,0.04082805160433054,0.04082805160433054
